Identificacion;Correo;Nombre;Celular;Factura;Opcional1;Opcional2
7311417282;lobrien@example.net;Duane Ortega;1601081925;74810841;race;daughter
653320431;karendavidson@example.com;Paula Reyes;1887829092;22091428;unit;measure
1910277270;moniquesantana@example.net;Evelyn Wang;6311453353;42836657;Congress;government
9436678444;larry33@example.com;Matthew Conley;7177053520;88158853;generation;answer
1552728815;maryturner@example.org;Terry Gonzalez;6951664335;71098731;sister;resource
6588459029;duncanpatricia@example.net;Jeremy Green;5703873227;71747353;involve;during
5029194301;singletonkayla@example.org;Ryan Kelly;4067018737;39022207;two;pretty
8588271076;james03@example.com;Melanie Martin;3673096304;56276487;left;such
8055911639;ekaufman@example.org;Gary Mendoza;2174615512;15370641;democratic;there
5250467297;jody79@example.com;Catherine Marshall;5573420693;46495747;century;significant
4793571680;matthewnichols@example.org;Melinda Johnson;9686314487;69307368;radio;city
8542166983;gwashington@example.org;Ellen Peck;7282133021;63406187;exist;minute
5561295759;scott82@example.com;Brianna Anderson;9059532078;96937651;ready;attack
3095156243;nholmes@example.org;Mike Houston;9945695435;60638613;worker;research
6971556114;jacqueline40@example.org;Shane Alvarez;370141645;56348337;hold;memory
1261360780;johnsonheather@example.org;Eric Brown;8043598997;67050753;per;whose
3395587491;davisthomas@example.net;Jessica Miller;6094898438;2821767;suddenly;real
3448111667;elliotttravis@example.org;Samuel Sanchez;2763912381;66000833;consider;beautiful
5808185211;michaelmccoy@example.net;Brittany Rasmussen;5622614510;5529239;necessary;particularly
8184622988;marcuswu@example.com;Christopher Rice;9921100788;10959392;own;age
9001760481;rebeccalynn@example.com;Mark Campbell;4816815462;56418730;water;budget
5633525249;bauervirginia@example.com;Miguel Hernandez;4676077357;10430079;staff;keep
4158619351;chaneyvictor@example.org;Christopher Gonzales;8920783959;96871255;success;simple
3094409994;tyler45@example.org;Sarah Adkins;3470409757;90359378;new;game
6059606037;thomasmcmillan@example.com;Christine James;4237692459;54157502;wait;by
7353815394;lindsayrojas@example.com;Danielle Taylor;151169091;56193145;push;main
7406611558;currycatherine@example.org;Steven Gibbs;2683388510;12661161;cell;country
3614334589;vmurphy@example.net;Robert Mccarty;2205883947;99548796;today;two
2035447657;denisemiller@example.net;Anthony Mathis;5190002176;28315445;low;enter
1757709929;wjackson@example.com;Wanda Cook;8636283625;41579257;expect;three
7121830584;donnachavez@example.net;Daniel Garcia;1762167194;4650013;team;hold
7310971993;arianahunter@example.org;Jessica Wilson;427037451;53439453;name;television
443441902;joe88@example.com;Tammy Hunter;2983257961;46446973;it;itself
520131713;guerrerocarl@example.com;Jeffrey Velazquez;6602794056;23495553;leg;bed
9148253703;martinsusan@example.net;Mariah Jones;9336499283;34824328;society;forget
4790166268;luislyons@example.org;Karen Rogers;3772390324;10334833;market;consider
4836251152;cbrown@example.net;Jessica Jefferson;8418162761;83322624;hot;close
9521857098;flucas@example.com;Angela Gonzalez;2743659196;6534096;there;hair
2401490363;jessicacampbell@example.com;Holly Kelly MD;2687601945;94309338;always;mean
4210949661;jacqueline16@example.org;Julie Nguyen;5500508710;23953017;minute;sit
5882984339;qjones@example.com;Michelle Harris MD;1580908578;13672594;mouth;field
2739635614;berrychristine@example.net;Tara Smith;4867320533;90764034;girl;follow
7891831760;joshua90@example.org;Elizabeth Collins;8967057568;45613393;character;throughout
4372591094;crystalwebster@example.net;Stephanie Sutton;5131990951;6946835;market;talk
1480088816;stacylewis@example.org;Richard Wang;3326839379;6239525;those;source
4177819011;michaelbeard@example.com;Sharon Houston;8927188067;85936194;Republican;green
5638163529;umoore@example.org;Anna Peterson;9553514446;2198517;service;his
5801050954;candiceking@example.net;Jacqueline Castro;7534439367;7098117;race;reason
9297078309;roberttaylor@example.com;Marissa Lowe;7647824295;61997590;on;leader
9398443622;angelacastillo@example.com;Gregory Smith;8605407233;16758991;person;above
9913675645;liulisa@example.org;Rachel Collins;2634393393;22484748;position;very
9190558278;charles05@example.org;Dustin Robinson;3135215293;68758291;respond;sound
7088314104;carolyn12@example.net;Kenneth Smith;3996329903;15173311;really;charge
1813835730;sheila63@example.com;Elizabeth Mills;1149197866;33189295;loss;environmental
6269102914;gibsonamy@example.org;James Ortiz;5944727274;60063643;enter;official
8234775503;cathy35@example.net;Mary Sharp;3106264943;50243763;blue;environment
4504007935;terrytyler@example.org;William Lewis;420070513;66384449;never;condition
2369628833;laurenlloyd@example.net;David Lawrence;3020766789;15860663;main;ask
3881959520;hayesbarry@example.com;Amanda Walker;4645319073;25859890;fall;drug
9156716688;noblegarrett@example.com;Nancy Mercado;8573994854;13820067;place;phone
4144458484;phillipssteven@example.net;Alan Perkins;6546081706;25911302;research;contain
2678180731;michaelbernard@example.net;Megan Sanchez;954937597;23401943;example;couple
9176832684;brianlewis@example.net;Thomas Watson;9166625719;40505871;event;better
2223897757;preston13@example.org;Kristina Sharp DVM;3006520264;96418443;experience;pay
4425637852;sherri40@example.com;Robert Gray;2770296606;49847056;strong;month
7933983503;alexis34@example.net;Gina Lewis;1527742348;79510175;play;impact
2977066735;glennstrickland@example.net;Dr. Carol Franco;5433878388;44209660;stage;suggest
7389206872;mariah74@example.net;Robert Miller;4905533704;38209208;these;pick
2897983412;davidwoods@example.org;William Blevins;503882099;30673636;cup;which
7654312742;awilson@example.com;Donna Lewis;4382625360;76294685;finally;decade
3264585072;cynthia50@example.com;Gerald Baldwin;8324716486;7253428;spring;main
9144153758;smithjessica@example.com;Tyrone Haynes;287110329;95272909;decade;have
6741699325;nancylittle@example.org;Jennifer Martin;9615796069;56339352;test;race
6134144918;jamesosborne@example.net;Joanne Thomas;2081670604;7250493;baby;majority
328955350;victorbutler@example.com;Alex Miranda;1393915138;66881047;live;everyone
7044321349;hamiltonjennifer@example.com;Erika Crane;5561891756;94889078;add;force
7900545890;jclark@example.com;Tracy Parker;9651353666;3346613;according;environmental
7535769609;kevin17@example.net;Matthew Estrada;3408492755;41462612;force;worker
2783981651;rwilliams@example.org;James Benton;4136741292;59915554;economy;cultural
7365477690;ryan84@example.net;Elizabeth Lopez;4305767115;88969299;another;Republican
7640699220;obrown@example.org;Aaron Watkins;6783898303;75775283;factor;evening
9678525643;roserichard@example.com;Jennifer Wang;5223039846;70578219;hold;dog
2307737372;vargaseugene@example.com;Anthony Perez;4544897424;47748615;modern;attack
2424270979;walkerbrittany@example.com;Harry Delgado;9131419757;27399857;read;great
2395435083;dawnray@example.org;Joseph Doyle;6623074833;89322540;occur;itself
5628389138;ssmith@example.net;Bryan Faulkner;593644800;63823298;meeting;capital
4382999153;bonnie20@example.org;Kevin Smith;8027537685;81307214;watch;again
7252382459;djohnson@example.com;David Smith;3792879176;53938992;foreign;cultural
2691544111;ppeterson@example.net;Jennifer Guzman;1009199;97058998;talk;by
3432492988;websterrobert@example.net;Jennifer Parker;5275643901;21376227;like;project
1427744964;jason19@example.com;Linda Edwards;9304559585;61697535;trade;star
1872904532;kiara45@example.net;Elizabeth Bridges;7254853021;84510582;my;clear
8195038470;kelleyjasmine@example.org;Leah Smith;962266798;43144037;create;firm
6801263401;andrewsjoshua@example.net;Tammy Christensen;7058549569;44806420;despite;family
8682168602;mwarren@example.com;Angela Acosta;423627866;93038695;wife;physical
4729627841;johnfernandez@example.org;Peter Bauer;7625904288;33471475;should;service
1344138284;carla04@example.net;Luis Davis;8892769616;15804931;range;send
1995272646;molly71@example.com;Laura Miranda;3777533460;35548969;few;head
9958820661;yrodriguez@example.net;Linda Davis;5642704089;84718515;enjoy;night
9520569365;chadmann@example.com;Andrew Burke;2218390371;65933118;director;just
